{"filter":false,"title":"test.sql","tooltip":"/sql/test.sql","undoManager":{"mark":100,"position":100,"stack":[[{"group":"doc","deltas":[{"start":{"row":97,"column":12},"end":{"row":97,"column":13},"action":"insert","lines":["3"]}]}],[{"group":"doc","deltas":[{"start":{"row":97,"column":0},"end":{"row":101,"column":93},"action":"remove","lines":["# 김태수 책임 1/13 외근","INSERT INTO approval_tbl (doc_num, submit_id, manager_id, submit_date, decide_date, submit_comment, decide_comment, start_date, end_date, office_code, state, black_mark, start_time, end_time) ","VALUES ('201501-303','090503','130702','2015-01-01','2015-01-01','일괄상신','일괄결재','2015-01-13','2015-01-13','W01','결재완료', 1, '15:00', '16:00');","INSERT INTO `out_office_tbl` (`year`, `date`, `id`, `office_code`, `day_count`, `memo`, `doc_num`, `black_mark`, `start_time`, `end_time`) ","VALUES ('2015', '2015-01-13', '090503', 'W01', 0, '일괄등록', '201501-303', 1, '15:00', '16:00');"]}]}],[{"group":"doc","deltas":[{"start":{"row":90,"column":0},"end":{"row":91,"column":0},"action":"insert","lines":["",""]}]}],[{"group":"doc","deltas":[{"start":{"row":91,"column":0},"end":{"row":95,"column":93},"action":"insert","lines":["# 김태수 책임 1/13 외근","INSERT INTO approval_tbl (doc_num, submit_id, manager_id, submit_date, decide_date, submit_comment, decide_comment, start_date, end_date, office_code, state, black_mark, start_time, end_time) ","VALUES ('201501-303','090503','130702','2015-01-01','2015-01-01','일괄상신','일괄결재','2015-01-13','2015-01-13','W01','결재완료', 1, '15:00', '16:00');","INSERT INTO `out_office_tbl` (`year`, `date`, `id`, `office_code`, `day_count`, `memo`, `doc_num`, `black_mark`, `start_time`, `end_time`) ","VALUES ('2015', '2015-01-13', '090503', 'W01', 0, '일괄등록', '201501-303', 1, '15:00', '16:00');"]}]}],[{"group":"doc","deltas":[{"start":{"row":95,"column":93},"end":{"row":96,"column":0},"action":"insert","lines":["",""]}]}],[{"group":"doc","deltas":[{"start":{"row":93,"column":18},"end":{"row":93,"column":19},"action":"remove","lines":["3"]},{"start":{"row":93,"column":18},"end":{"row":93,"column":19},"action":"insert","lines":["2"]}]}],[{"group":"doc","deltas":[{"start":{"row":95,"column":68},"end":{"row":95,"column":69},"action":"remove","lines":["3"]},{"start":{"row":95,"column":68},"end":{"row":95,"column":69},"action":"insert","lines":["2"]}]}],[{"group":"doc","deltas":[{"start":{"row":99,"column":18},"end":{"row":99,"column":19},"action":"remove","lines":["2"]},{"start":{"row":99,"column":18},"end":{"row":99,"column":19},"action":"insert","lines":["3"]}]}],[{"group":"doc","deltas":[{"start":{"row":101,"column":68},"end":{"row":101,"column":69},"action":"remove","lines":["2"]},{"start":{"row":101,"column":68},"end":{"row":101,"column":69},"action":"insert","lines":["3"]}]}],[{"group":"doc","deltas":[{"start":{"row":104,"column":0},"end":{"row":108,"column":93},"action":"insert","lines":["# 김태수 책임 1/14 외근","INSERT INTO approval_tbl (doc_num, submit_id, manager_id, submit_date, decide_date, submit_comment, decide_comment, start_date, end_date, office_code, state, black_mark, start_time, end_time) ","VALUES ('201501-303','090503','130702','2015-01-01','2015-01-01','일괄상신','일괄결재','2015-01-14','2015-01-14','W01','결재완료', 1, '09:00', '18:00');","INSERT INTO `out_office_tbl` (`year`, `date`, `id`, `office_code`, `day_count`, `memo`, `doc_num`, `black_mark`, `start_time`, `end_time`) ","VALUES ('2015', '2015-01-14', '090503', 'W01', 0, '일괄등록', '201501-303', 1, '09:00', '18:00');"]}]}],[{"group":"doc","deltas":[{"start":{"row":104,"column":2},"end":{"row":104,"column":5},"action":"remove","lines":["김태수"]}]}],[{"group":"doc","deltas":[{"start":{"row":104,"column":2},"end":{"row":104,"column":3},"action":"insert","lines":["위"]}]}],[{"group":"doc","deltas":[{"start":{"row":104,"column":3},"end":{"row":104,"column":4},"action":"insert","lines":["성"]}]}],[{"group":"doc","deltas":[{"start":{"row":104,"column":4},"end":{"row":104,"column":5},"action":"insert","lines":["두"]}]}],[{"group":"doc","deltas":[{"start":{"row":104,"column":11},"end":{"row":104,"column":13},"action":"remove","lines":["14"]},{"start":{"row":104,"column":11},"end":{"row":104,"column":12},"action":"insert","lines":["7"]}]}],[{"group":"doc","deltas":[{"start":{"row":106,"column":22},"end":{"row":106,"column":28},"action":"remove","lines":["090503"]},{"start":{"row":106,"column":22},"end":{"row":106,"column":28},"action":"insert","lines":["071201"]}]}],[{"group":"doc","deltas":[{"start":{"row":108,"column":31},"end":{"row":108,"column":37},"action":"remove","lines":["090503"]},{"start":{"row":108,"column":31},"end":{"row":108,"column":37},"action":"insert","lines":["071201"]}]}],[{"group":"doc","deltas":[{"start":{"row":106,"column":123},"end":{"row":106,"column":125},"action":"remove","lines":["09"]},{"start":{"row":106,"column":123},"end":{"row":106,"column":124},"action":"insert","lines":["1"]}]}],[{"group":"doc","deltas":[{"start":{"row":106,"column":124},"end":{"row":106,"column":125},"action":"insert","lines":["3"]}]}],[{"group":"doc","deltas":[{"start":{"row":106,"column":126},"end":{"row":106,"column":127},"action":"remove","lines":["0"]},{"start":{"row":106,"column":126},"end":{"row":106,"column":127},"action":"insert","lines":["3"]}]}],[{"group":"doc","deltas":[{"start":{"row":108,"column":76},"end":{"row":108,"column":81},"action":"remove","lines":["09:00"]},{"start":{"row":108,"column":76},"end":{"row":108,"column":81},"action":"insert","lines":["13:30"]}]}],[{"group":"doc","deltas":[{"start":{"row":106,"column":18},"end":{"row":106,"column":19},"action":"remove","lines":["3"]},{"start":{"row":106,"column":18},"end":{"row":106,"column":19},"action":"insert","lines":["5"]}]}],[{"group":"doc","deltas":[{"start":{"row":106,"column":18},"end":{"row":106,"column":19},"action":"remove","lines":["5"]},{"start":{"row":106,"column":18},"end":{"row":106,"column":19},"action":"insert","lines":["4"]}]}],[{"group":"doc","deltas":[{"start":{"row":108,"column":68},"end":{"row":108,"column":69},"action":"remove","lines":["3"]},{"start":{"row":108,"column":68},"end":{"row":108,"column":69},"action":"insert","lines":["4"]}]}],[{"group":"doc","deltas":[{"start":{"row":106,"column":88},"end":{"row":106,"column":90},"action":"remove","lines":["14"]},{"start":{"row":106,"column":88},"end":{"row":106,"column":89},"action":"insert","lines":["0"]}]}],[{"group":"doc","deltas":[{"start":{"row":106,"column":89},"end":{"row":106,"column":90},"action":"insert","lines":["7"]}]}],[{"group":"doc","deltas":[{"start":{"row":106,"column":101},"end":{"row":106,"column":103},"action":"remove","lines":["14"]},{"start":{"row":106,"column":101},"end":{"row":106,"column":102},"action":"insert","lines":["0"]}]}],[{"group":"doc","deltas":[{"start":{"row":106,"column":102},"end":{"row":106,"column":103},"action":"insert","lines":["7"]}]}],[{"group":"doc","deltas":[{"start":{"row":108,"column":25},"end":{"row":108,"column":27},"action":"remove","lines":["14"]},{"start":{"row":108,"column":25},"end":{"row":108,"column":26},"action":"insert","lines":["0"]}]}],[{"group":"doc","deltas":[{"start":{"row":108,"column":26},"end":{"row":108,"column":27},"action":"insert","lines":["7"]}]}],[{"group":"doc","deltas":[{"start":{"row":110,"column":0},"end":{"row":115,"column":0},"action":"insert","lines":["# 위성두 책임 1/7 외근","INSERT INTO approval_tbl (doc_num, submit_id, manager_id, submit_date, decide_date, submit_comment, decide_comment, start_date, end_date, office_code, state, black_mark, start_time, end_time) ","VALUES ('201501-304','071201','130702','2015-01-01','2015-01-01','일괄상신','일괄결재','2015-01-07','2015-01-07','W01','결재완료', 1, '13:30', '18:00');","INSERT INTO `out_office_tbl` (`year`, `date`, `id`, `office_code`, `day_count`, `memo`, `doc_num`, `black_mark`, `start_time`, `end_time`) ","VALUES ('2015', '2015-01-07', '071201', 'W01', 0, '일괄등록', '201501-304', 1, '13:30', '18:00');",""]}]}],[{"group":"doc","deltas":[{"start":{"row":110,"column":11},"end":{"row":110,"column":12},"action":"remove","lines":["7"]},{"start":{"row":110,"column":11},"end":{"row":110,"column":12},"action":"insert","lines":["1"]}]}],[{"group":"doc","deltas":[{"start":{"row":110,"column":12},"end":{"row":110,"column":13},"action":"insert","lines":["3"]}]}],[{"group":"doc","deltas":[{"start":{"row":112,"column":88},"end":{"row":112,"column":90},"action":"remove","lines":["07"]},{"start":{"row":112,"column":88},"end":{"row":112,"column":89},"action":"insert","lines":["1"]}]}],[{"group":"doc","deltas":[{"start":{"row":112,"column":89},"end":{"row":112,"column":90},"action":"insert","lines":["3"]}]}],[{"group":"doc","deltas":[{"start":{"row":112,"column":101},"end":{"row":112,"column":103},"action":"remove","lines":["07"]},{"start":{"row":112,"column":101},"end":{"row":112,"column":102},"action":"insert","lines":["1"]}]}],[{"group":"doc","deltas":[{"start":{"row":112,"column":102},"end":{"row":112,"column":103},"action":"insert","lines":["3"]}]}],[{"group":"doc","deltas":[{"start":{"row":112,"column":123},"end":{"row":112,"column":125},"action":"remove","lines":["13"]},{"start":{"row":112,"column":123},"end":{"row":112,"column":124},"action":"insert","lines":["1"]}]}],[{"group":"doc","deltas":[{"start":{"row":112,"column":124},"end":{"row":112,"column":125},"action":"insert","lines":["0"]}]}],[{"group":"doc","deltas":[{"start":{"row":112,"column":126},"end":{"row":112,"column":127},"action":"remove","lines":["3"]},{"start":{"row":112,"column":126},"end":{"row":112,"column":127},"action":"insert","lines":["0"]}]}],[{"group":"doc","deltas":[{"start":{"row":112,"column":133},"end":{"row":112,"column":134},"action":"remove","lines":["8"]},{"start":{"row":112,"column":133},"end":{"row":112,"column":134},"action":"insert","lines":["2"]}]}],[{"group":"doc","deltas":[{"start":{"row":114,"column":75},"end":{"row":114,"column":93},"action":"remove","lines":["'13:30', '18:00');"]},{"start":{"row":114,"column":75},"end":{"row":114,"column":93},"action":"insert","lines":["'10:00', '12:00');"]}]}],[{"group":"doc","deltas":[{"start":{"row":112,"column":18},"end":{"row":112,"column":19},"action":"remove","lines":["4"]},{"start":{"row":112,"column":18},"end":{"row":112,"column":19},"action":"insert","lines":["5"]}]}],[{"group":"doc","deltas":[{"start":{"row":114,"column":68},"end":{"row":114,"column":69},"action":"remove","lines":["4"]},{"start":{"row":114,"column":68},"end":{"row":114,"column":69},"action":"insert","lines":["5"]}]}],[{"group":"doc","deltas":[{"start":{"row":114,"column":25},"end":{"row":114,"column":27},"action":"remove","lines":["07"]},{"start":{"row":114,"column":25},"end":{"row":114,"column":26},"action":"insert","lines":["1"]}]}],[{"group":"doc","deltas":[{"start":{"row":114,"column":26},"end":{"row":114,"column":27},"action":"insert","lines":["3"]}]}],[{"group":"doc","deltas":[{"start":{"row":84,"column":0},"end":{"row":85,"column":0},"action":"insert","lines":["",""]}]}],[{"group":"doc","deltas":[{"start":{"row":86,"column":9},"end":{"row":87,"column":0},"action":"insert","lines":["",""]}]}],[{"group":"doc","deltas":[{"start":{"row":87,"column":0},"end":{"row":87,"column":1},"action":"insert","lines":["#"]}]}],[{"group":"doc","deltas":[{"start":{"row":86,"column":1},"end":{"row":86,"column":2},"action":"insert","lines":["#"]}]}],[{"group":"doc","deltas":[{"start":{"row":86,"column":2},"end":{"row":86,"column":3},"action":"insert","lines":["#"]}]}],[{"group":"doc","deltas":[{"start":{"row":87,"column":1},"end":{"row":87,"column":2},"action":"insert","lines":[" "]}]}],[{"group":"doc","deltas":[{"start":{"row":93,"column":2},"end":{"row":93,"column":8},"action":"remove","lines":["김태수 책임"]}]}],[{"group":"doc","deltas":[{"start":{"row":93,"column":2},"end":{"row":93,"column":3},"action":"remove","lines":[" "]}]}],[{"group":"doc","deltas":[{"start":{"row":99,"column":2},"end":{"row":99,"column":8},"action":"remove","lines":["김태수 책임"]}]}],[{"group":"doc","deltas":[{"start":{"row":99,"column":2},"end":{"row":99,"column":3},"action":"remove","lines":[" "]}]}],[{"group":"doc","deltas":[{"start":{"row":106,"column":0},"end":{"row":106,"column":1},"action":"insert","lines":["#"]}]}],[{"group":"doc","deltas":[{"start":{"row":106,"column":1},"end":{"row":106,"column":2},"action":"insert","lines":["#"]}]}],[{"group":"doc","deltas":[{"start":{"row":106,"column":17},"end":{"row":107,"column":0},"action":"insert","lines":["",""]}]}],[{"group":"doc","deltas":[{"start":{"row":107,"column":0},"end":{"row":107,"column":17},"action":"insert","lines":["### 위성두 책임 1/7 외근"]}]}],[{"group":"doc","deltas":[{"start":{"row":107,"column":0},"end":{"row":107,"column":1},"action":"remove","lines":["#"]}]}],[{"group":"doc","deltas":[{"start":{"row":107,"column":0},"end":{"row":107,"column":1},"action":"remove","lines":["#"]}]}],[{"group":"doc","deltas":[{"start":{"row":107,"column":2},"end":{"row":107,"column":8},"action":"remove","lines":["위성두 책임"]}]}],[{"group":"doc","deltas":[{"start":{"row":107,"column":2},"end":{"row":107,"column":3},"action":"remove","lines":[" "]}]}],[{"group":"doc","deltas":[{"start":{"row":113,"column":2},"end":{"row":113,"column":9},"action":"remove","lines":["위성두 책임 "]}]}],[{"group":"doc","deltas":[{"start":{"row":106,"column":10},"end":{"row":106,"column":17},"action":"remove","lines":[" 1/7 외근"]}]}],[{"group":"doc","deltas":[{"start":{"row":106,"column":10},"end":{"row":106,"column":11},"action":"insert","lines":[" "]}]}],[{"group":"doc","deltas":[{"start":{"row":106,"column":11},"end":{"row":106,"column":12},"action":"insert","lines":["#"]}]}],[{"group":"doc","deltas":[{"start":{"row":106,"column":12},"end":{"row":106,"column":13},"action":"insert","lines":["#"]}]}],[{"group":"doc","deltas":[{"start":{"row":106,"column":13},"end":{"row":106,"column":14},"action":"insert","lines":["#"]}]}],[{"group":"doc","deltas":[{"start":{"row":86,"column":11},"end":{"row":86,"column":12},"action":"insert","lines":["#"]}]}],[{"group":"doc","deltas":[{"start":{"row":86,"column":12},"end":{"row":86,"column":13},"action":"insert","lines":["#"]}]}],[{"group":"doc","deltas":[{"start":{"row":86,"column":13},"end":{"row":86,"column":14},"action":"insert","lines":["#"]}]}],[{"group":"doc","deltas":[{"start":{"row":118,"column":0},"end":{"row":119,"column":0},"action":"insert","lines":["",""]}]}],[{"group":"doc","deltas":[{"start":{"row":119,"column":0},"end":{"row":120,"column":0},"action":"insert","lines":["",""]}]}],[{"group":"doc","deltas":[{"start":{"row":120,"column":0},"end":{"row":121,"column":0},"action":"insert","lines":["",""]}]}],[{"group":"doc","deltas":[{"start":{"row":3,"column":0},"end":{"row":82,"column":114},"action":"remove","lines":["INSERT INTO approval_tbl ","(doc_num, submit_id, manager_id, submit_date, decide_date, submit_comment, decide_comment, start_date, end_date, office_code, state) VALUES ","(","'201501-001', ","'100501',    ","'100501',     ","'2015-01-01 00:00:00', ","'2015-01-01 00:00:00', ","'휴가 일괄 등록', ","'휴가 일괄 등록',    ","'2015-01-01', ","'2015-01-01', ","'V01', ","'결재완료');","","INSERT INTO out_office_tbl VALUES ('2015','2015-01-16','140601','V03','0.5','개인사유','201501-001','','','');","INSERT INTO out_office_tbl VALUES ('2015','2015-01-16','111102','V01','1','개인사유','201501-001','','','');","INSERT INTO out_office_tbl VALUES ('2015','2015-01-16','071003','V01','1','가사(육아)','201501-001','','','');","INSERT INTO out_office_tbl VALUES ('2015','2015-01-15','100107','V02','0.5','가사','201501-001','','','');","INSERT INTO out_office_tbl VALUES ('2015','2015-01-16','140901','V01','1','개인사유로 연차휴가 신청합니다.','201501-001','','','');","INSERT INTO out_office_tbl VALUES ('2015','2015-01-06','030301','V02','0.5','0','201501-001','','','');","INSERT INTO out_office_tbl VALUES ('2015','2015-01-02','030301','V01','1','0','201501-001','','','');","INSERT INTO out_office_tbl VALUES ('2015','2015-01-15','030301','V02','0.5','0','201501-001','','','');","INSERT INTO out_office_tbl VALUES ('2015','2015-01-15','130904','V03','0.5','가사','201501-001','','','');","INSERT INTO out_office_tbl VALUES ('2015','2015-01-15','071103','V03','0.5','개인사유(결혼준비)','201501-001','','','');","INSERT INTO out_office_tbl VALUES ('2015','2015-01-02','110201','V01','1','연차휴가입니다','201501-001','','','');","INSERT INTO out_office_tbl VALUES ('2015','2015-01-13','100403','V01','1','개인사유','201501-001','','','');","INSERT INTO out_office_tbl VALUES ('2015','2015-01-13','100501','V03','0.5','자녀 어린이집 졸업발표회','201501-001','','','');","INSERT INTO out_office_tbl VALUES ('2015','2015-01-09','131201','V01','1','개인사유','201501-001','','','');","INSERT INTO out_office_tbl VALUES ('2015','2015-01-02','131201','V01','1','개인사유','201501-001','','','');","INSERT INTO out_office_tbl VALUES ('2015','2015-01-12','140104','V01','1','개인사유','201501-001','','','');","INSERT INTO out_office_tbl VALUES ('2015','2015-01-09','100403','V03','0.5','개인사유','201501-001','','','');","INSERT INTO out_office_tbl VALUES ('2015','2015-01-06','100107','V03','0.5','병원 진료','201501-001','','','');","INSERT INTO out_office_tbl VALUES ('2015','2015-01-12','100107','V01','1','가사','201501-001','','','');","INSERT INTO out_office_tbl VALUES ('2015','2015-01-09','071102','V03','0.5','가사.','201501-001','','','');","INSERT INTO out_office_tbl VALUES ('2015','2015-01-09','100406','V01','1','개인 사유','201501-001','','','');","INSERT INTO out_office_tbl VALUES ('2015','2015-01-09','090401','V01','1','조모 제사','201501-001','','','');","INSERT INTO out_office_tbl VALUES ('2015','2015-01-07','030301','V01','1','0','201501-001','','','');","INSERT INTO out_office_tbl VALUES ('2015','2015-01-07','111003','V01','1','개인 사정','201501-001','','','');","INSERT INTO out_office_tbl VALUES ('2015','2015-01-07','0130101','V01','1','병원진료','201501-001','','','');","INSERT INTO out_office_tbl VALUES ('2015','2015-01-06','100103','V01','1','연차휴가 사용','201501-001','','','');","INSERT INTO out_office_tbl VALUES ('2015','2015-01-02','100103','V01','1','연차휴가 사용','201501-001','','','');","INSERT INTO out_office_tbl VALUES ('2015','2015-01-02','100801','V01','1','개인 사유에 의한 연차휴가 사용','201501-001','','','');","INSERT INTO out_office_tbl VALUES ('2015','2015-01-02','140602','V01','1','개인사유','201501-001','','','');","INSERT INTO out_office_tbl VALUES ('2015','2015-01-02','100501','V01','1','가사','201501-001','','','');","INSERT INTO out_office_tbl VALUES ('2015','2015-01-05','110802','V01','1','개인사유','201501-001','','','');","INSERT INTO out_office_tbl VALUES ('2015','2015-01-05','150106','V03','0.5','개인사유','201501-001','','','');","INSERT INTO out_office_tbl VALUES ('2015','2015-01-05','140102','V02','0.5','병원진료(감기)','201501-001','','','');","INSERT INTO out_office_tbl VALUES ('2015','2015-01-07','071103','V01','1','개인사유(결혼준비)','201501-001','','','');","INSERT INTO out_office_tbl VALUES ('2015','2015-01-02','120301','V01','1','개인 연차 사용.','201501-001','','','');","INSERT INTO out_office_tbl VALUES ('2015','2015-01-02','120501','V01','1','개인사유로 연차 1일 사용.( 2015.01.02 )','201501-001','','','');","INSERT INTO out_office_tbl VALUES ('2015','2015-01-02','0130101','V01','1','개인정비','201501-001','','','');","INSERT INTO out_office_tbl VALUES ('2015','2015-01-02','150106','V01','1','개인사유','201501-001','','','');","INSERT INTO out_office_tbl VALUES ('2015','2015-01-05','120103','V01','1','가사','201501-001','','','');","INSERT INTO out_office_tbl VALUES ('2015','2015-01-02','121001','V01','1','개인사유로 연차휴가를 신청합니다.','201501-001','','','');","INSERT INTO out_office_tbl VALUES ('2015','2015-01-02','120102','V01','1','가사 사유로 연차휴가를 신청합니다.','201501-001','','','');","INSERT INTO out_office_tbl VALUES ('2015','2015-01-02','100102','V01','1','삼성전자 권장휴가 연차사용','201501-001','','','');","","","INSERT INTO `in_office_tbl` (`year`, `id`, `date`, `doc_num`) VALUES ( '2015','071001','2015-01-10','201501-001');","INSERT INTO `in_office_tbl` (`year`, `id`, `date`, `doc_num`) VALUES ( '2015','110303','2015-01-10','201501-001');","INSERT INTO `in_office_tbl` (`year`, `id`, `date`, `doc_num`) VALUES ( '2015','150102','2015-01-10','201501-001');","INSERT INTO `in_office_tbl` (`year`, `id`, `date`, `doc_num`) VALUES ( '2015','100801','2015-01-10','201501-001');","INSERT INTO `in_office_tbl` (`year`, `id`, `date`, `doc_num`) VALUES ( '2015','0130101','2015-01-11','201501-001');","INSERT INTO `in_office_tbl` (`year`, `id`, `date`, `doc_num`) VALUES ( '2015','150104','2015-01-10','201501-001');","INSERT INTO `in_office_tbl` (`year`, `id`, `date`, `doc_num`) VALUES ( '2015','120501','2015-01-10','201501-001');","INSERT INTO `in_office_tbl` (`year`, `id`, `date`, `doc_num`) VALUES ( '2015','111101','2015-01-10','201501-001');","INSERT INTO `in_office_tbl` (`year`, `id`, `date`, `doc_num`) VALUES ( '2015','100801','2015-01-11','201501-001');","INSERT INTO `in_office_tbl` (`year`, `id`, `date`, `doc_num`) VALUES ( '2015','130801','2015-01-10','201501-001');","INSERT INTO `in_office_tbl` (`year`, `id`, `date`, `doc_num`) VALUES ( '2015','111102','2015-01-10','201501-001');","INSERT INTO `in_office_tbl` (`year`, `id`, `date`, `doc_num`) VALUES ( '2015','0130101','2015-01-10','201501-001');","INSERT INTO `in_office_tbl` (`year`, `id`, `date`, `doc_num`) VALUES ( '2015','110901','2015-01-04','201501-001');","INSERT INTO `in_office_tbl` (`year`, `id`, `date`, `doc_num`) VALUES ( '2015','110901','2015-01-03','201501-001');","INSERT INTO `in_office_tbl` (`year`, `id`, `date`, `doc_num`) VALUES ( '2015','140104','2015-01-04','201501-001');","INSERT INTO `in_office_tbl` (`year`, `id`, `date`, `doc_num`) VALUES ( '2015','120802','2015-01-04','201501-001');","INSERT INTO `in_office_tbl` (`year`, `id`, `date`, `doc_num`) VALUES ( '2015','111102','2015-01-03','201501-001');","INSERT INTO `in_office_tbl` (`year`, `id`, `date`, `doc_num`) VALUES ( '2015','121102','2015-01-03','201501-001');","INSERT INTO `in_office_tbl` (`year`, `id`, `date`, `doc_num`) VALUES ( '2015','070901','2015-01-03','201501-001');","INSERT INTO `in_office_tbl` (`year`, `id`, `date`, `doc_num`) VALUES ( '2015','070901','2015-01-01','201501-001');","INSERT INTO `in_office_tbl` (`year`, `id`, `date`, `doc_num`) VALUES ( '2015','080902','2015-01-01','201501-001');"]}]}],[{"group":"doc","deltas":[{"start":{"row":2,"column":0},"end":{"row":44,"column":0},"action":"insert","lines":["INSERT INTO approval_tbl (doc_num, submit_id, manager_id, submit_date, decide_date, submit_comment, decide_comment, start_date, end_date, office_code, state) VALUES ('201501-001','140601','130702','2015-01-01','2015-01-01','개인사유','일괄결재','2015-01-16','2015-01-16','V03','결재완료');","INSERT INTO approval_tbl (doc_num, submit_id, manager_id, submit_date, decide_date, submit_comment, decide_comment, start_date, end_date, office_code, state) VALUES ('201501-002','111102','130702','2015-01-01','2015-01-01','개인사유','일괄결재','2015-01-16','2015-01-16','V01','결재완료');","INSERT INTO approval_tbl (doc_num, submit_id, manager_id, submit_date, decide_date, submit_comment, decide_comment, start_date, end_date, office_code, state) VALUES ('201501-003','071003','130702','2015-01-01','2015-01-01','가사(육아)','일괄결재','2015-01-16','2015-01-16','V01','결재완료');","INSERT INTO approval_tbl (doc_num, submit_id, manager_id, submit_date, decide_date, submit_comment, decide_comment, start_date, end_date, office_code, state) VALUES ('201501-004','100107','130702','2015-01-01','2015-01-01','가사','일괄결재','2015-01-15','2015-01-15','V02','결재완료');","INSERT INTO approval_tbl (doc_num, submit_id, manager_id, submit_date, decide_date, submit_comment, decide_comment, start_date, end_date, office_code, state) VALUES ('201501-005','140901','130702','2015-01-01','2015-01-01','개인사유로 연차휴가 신청합니다.','일괄결재','2015-01-16','2015-01-16','V01','결재완료');","INSERT INTO approval_tbl (doc_num, submit_id, manager_id, submit_date, decide_date, submit_comment, decide_comment, start_date, end_date, office_code, state) VALUES ('201501-006','030301','130702','2015-01-01','2015-01-01','','일괄결재','2015-01-06','2015-01-06','V02','결재완료');","INSERT INTO approval_tbl (doc_num, submit_id, manager_id, submit_date, decide_date, submit_comment, decide_comment, start_date, end_date, office_code, state) VALUES ('201501-007','030301','130702','2015-01-01','2015-01-01','','일괄결재','2015-01-02','2015-01-02','V01','결재완료');","INSERT INTO approval_tbl (doc_num, submit_id, manager_id, submit_date, decide_date, submit_comment, decide_comment, start_date, end_date, office_code, state) VALUES ('201501-008','030301','130702','2015-01-01','2015-01-01','','일괄결재','2015-01-15','2015-01-15','V02','결재완료');","INSERT INTO approval_tbl (doc_num, submit_id, manager_id, submit_date, decide_date, submit_comment, decide_comment, start_date, end_date, office_code, state) VALUES ('201501-009','130904','130702','2015-01-01','2015-01-01','가사','일괄결재','2015-01-15','2015-01-15','V03','결재완료');","INSERT INTO approval_tbl (doc_num, submit_id, manager_id, submit_date, decide_date, submit_comment, decide_comment, start_date, end_date, office_code, state) VALUES ('201501-010','071103','130702','2015-01-01','2015-01-01','개인사유(결혼준비)','일괄결재','2015-01-15','2015-01-15','V03','결재완료');","INSERT INTO approval_tbl (doc_num, submit_id, manager_id, submit_date, decide_date, submit_comment, decide_comment, start_date, end_date, office_code, state) VALUES ('201501-011','110201','130702','2015-01-01','2015-01-01','연차휴가입니다','일괄결재','2015-01-02','2015-01-02','V01','결재완료');","INSERT INTO approval_tbl (doc_num, submit_id, manager_id, submit_date, decide_date, submit_comment, decide_comment, start_date, end_date, office_code, state) VALUES ('201501-012','100403','130702','2015-01-01','2015-01-01','개인사유','일괄결재','2015-01-13','2015-01-13','V01','결재완료');","INSERT INTO approval_tbl (doc_num, submit_id, manager_id, submit_date, decide_date, submit_comment, decide_comment, start_date, end_date, office_code, state) VALUES ('201501-013','100501','130702','2015-01-01','2015-01-01','자녀 어린이집 졸업발표회','일괄결재','2015-01-13','2015-01-13','V03','결재완료');","INSERT INTO approval_tbl (doc_num, submit_id, manager_id, submit_date, decide_date, submit_comment, decide_comment, start_date, end_date, office_code, state) VALUES ('201501-014','131201','130702','2015-01-01','2015-01-01','개인사유','일괄결재','2015-01-09','2015-01-09','V01','결재완료');","INSERT INTO approval_tbl (doc_num, submit_id, manager_id, submit_date, decide_date, submit_comment, decide_comment, start_date, end_date, office_code, state) VALUES ('201501-015','131201','130702','2015-01-01','2015-01-01','개인사유','일괄결재','2015-01-02','2015-01-02','V01','결재완료');","INSERT INTO approval_tbl (doc_num, submit_id, manager_id, submit_date, decide_date, submit_comment, decide_comment, start_date, end_date, office_code, state) VALUES ('201501-016','140104','130702','2015-01-01','2015-01-01','개인사유','일괄결재','2015-01-12','2015-01-12','V01','결재완료');","INSERT INTO approval_tbl (doc_num, submit_id, manager_id, submit_date, decide_date, submit_comment, decide_comment, start_date, end_date, office_code, state) VALUES ('201501-017','100403','130702','2015-01-01','2015-01-01','개인사유','일괄결재','2015-01-09','2015-01-09','V03','결재완료');","INSERT INTO approval_tbl (doc_num, submit_id, manager_id, submit_date, decide_date, submit_comment, decide_comment, start_date, end_date, office_code, state) VALUES ('201501-018','100107','130702','2015-01-01','2015-01-01','병원 진료','일괄결재','2015-01-06','2015-01-06','V03','결재완료');","INSERT INTO approval_tbl (doc_num, submit_id, manager_id, submit_date, decide_date, submit_comment, decide_comment, start_date, end_date, office_code, state) VALUES ('201501-019','100107','130702','2015-01-01','2015-01-01','가사','일괄결재','2015-01-12','2015-01-12','V01','결재완료');","INSERT INTO approval_tbl (doc_num, submit_id, manager_id, submit_date, decide_date, submit_comment, decide_comment, start_date, end_date, office_code, state) VALUES ('201501-020','071102','130702','2015-01-01','2015-01-01','가사.','일괄결재','2015-01-09','2015-01-09','V03','결재완료');","INSERT INTO approval_tbl (doc_num, submit_id, manager_id, submit_date, decide_date, submit_comment, decide_comment, start_date, end_date, office_code, state) VALUES ('201501-021','100406','130702','2015-01-01','2015-01-01','개인 사유','일괄결재','2015-01-09','2015-01-09','V01','결재완료');","INSERT INTO approval_tbl (doc_num, submit_id, manager_id, submit_date, decide_date, submit_comment, decide_comment, start_date, end_date, office_code, state) VALUES ('201501-022','090401','130702','2015-01-01','2015-01-01','조모 제사','일괄결재','2015-01-09','2015-01-09','V01','결재완료');","INSERT INTO approval_tbl (doc_num, submit_id, manager_id, submit_date, decide_date, submit_comment, decide_comment, start_date, end_date, office_code, state) VALUES ('201501-023','030301','130702','2015-01-01','2015-01-01','','일괄결재','2015-01-07','2015-01-07','V01','결재완료');","INSERT INTO approval_tbl (doc_num, submit_id, manager_id, submit_date, decide_date, submit_comment, decide_comment, start_date, end_date, office_code, state) VALUES ('201501-024','111003','130702','2015-01-01','2015-01-01','개인 사정','일괄결재','2015-01-07','2015-01-07','V01','결재완료');","INSERT INTO approval_tbl (doc_num, submit_id, manager_id, submit_date, decide_date, submit_comment, decide_comment, start_date, end_date, office_code, state) VALUES ('201501-025','0130101','130702','2015-01-01','2015-01-01','병원진료','일괄결재','2015-01-07','2015-01-07','V01','결재완료');","INSERT INTO approval_tbl (doc_num, submit_id, manager_id, submit_date, decide_date, submit_comment, decide_comment, start_date, end_date, office_code, state) VALUES ('201501-026','100103','130702','2015-01-01','2015-01-01','연차휴가 사용','일괄결재','2015-01-06','2015-01-06','V01','결재완료');","INSERT INTO approval_tbl (doc_num, submit_id, manager_id, submit_date, decide_date, submit_comment, decide_comment, start_date, end_date, office_code, state) VALUES ('201501-027','100103','130702','2015-01-01','2015-01-01','연차휴가 사용','일괄결재','2015-01-02','2015-01-02','V01','결재완료');","INSERT INTO approval_tbl (doc_num, submit_id, manager_id, submit_date, decide_date, submit_comment, decide_comment, start_date, end_date, office_code, state) VALUES ('201501-028','100801','130702','2015-01-01','2015-01-01','개인 사유에 의한 연차휴가 사용','일괄결재','2015-01-02','2015-01-02','V01','결재완료');","INSERT INTO approval_tbl (doc_num, submit_id, manager_id, submit_date, decide_date, submit_comment, decide_comment, start_date, end_date, office_code, state) VALUES ('201501-029','140602','130702','2015-01-01','2015-01-01','개인사유','일괄결재','2015-01-02','2015-01-02','V01','결재완료');","INSERT INTO approval_tbl (doc_num, submit_id, manager_id, submit_date, decide_date, submit_comment, decide_comment, start_date, end_date, office_code, state) VALUES ('201501-030','100501','130702','2015-01-01','2015-01-01','가사','일괄결재','2015-01-02','2015-01-02','V01','결재완료');","INSERT INTO approval_tbl (doc_num, submit_id, manager_id, submit_date, decide_date, submit_comment, decide_comment, start_date, end_date, office_code, state) VALUES ('201501-031','110802','130702','2015-01-01','2015-01-01','개인사유','일괄결재','2015-01-05','2015-01-05','V01','결재완료');","INSERT INTO approval_tbl (doc_num, submit_id, manager_id, submit_date, decide_date, submit_comment, decide_comment, start_date, end_date, office_code, state) VALUES ('201501-032','150106','130702','2015-01-01','2015-01-01','개인사유','일괄결재','2015-01-05','2015-01-05','V03','결재완료');","INSERT INTO approval_tbl (doc_num, submit_id, manager_id, submit_date, decide_date, submit_comment, decide_comment, start_date, end_date, office_code, state) VALUES ('201501-033','140102','130702','2015-01-01','2015-01-01','병원진료(감기)','일괄결재','2015-01-05','2015-01-05','V02','결재완료');","INSERT INTO approval_tbl (doc_num, submit_id, manager_id, submit_date, decide_date, submit_comment, decide_comment, start_date, end_date, office_code, state) VALUES ('201501-034','071103','130702','2015-01-01','2015-01-01','개인사유(결혼준비)','일괄결재','2015-01-07','2015-01-07','V01','결재완료');","INSERT INTO approval_tbl (doc_num, submit_id, manager_id, submit_date, decide_date, submit_comment, decide_comment, start_date, end_date, office_code, state) VALUES ('201501-035','120301','130702','2015-01-01','2015-01-01','개인 연차 사용.','일괄결재','2015-01-02','2015-01-02','V01','결재완료');","INSERT INTO approval_tbl (doc_num, submit_id, manager_id, submit_date, decide_date, submit_comment, decide_comment, start_date, end_date, office_code, state) VALUES ('201501-036','120501','130702','2015-01-01','2015-01-01','개인사유로 연차 1일 사용.( 2015.01.02 )','일괄결재','2015-01-02','2015-01-02','V01','결재완료');","INSERT INTO approval_tbl (doc_num, submit_id, manager_id, submit_date, decide_date, submit_comment, decide_comment, start_date, end_date, office_code, state) VALUES ('201501-037','0130101','130702','2015-01-01','2015-01-01','개인정비','일괄결재','2015-01-02','2015-01-02','V01','결재완료');","INSERT INTO approval_tbl (doc_num, submit_id, manager_id, submit_date, decide_date, submit_comment, decide_comment, start_date, end_date, office_code, state) VALUES ('201501-038','150106','130702','2015-01-01','2015-01-01','개인사유','일괄결재','2015-01-02','2015-01-02','V01','결재완료');","INSERT INTO approval_tbl (doc_num, submit_id, manager_id, submit_date, decide_date, submit_comment, decide_comment, start_date, end_date, office_code, state) VALUES ('201501-039','120103','130702','2015-01-01','2015-01-01','가사','일괄결재','2015-01-05','2015-01-05','V01','결재완료');","INSERT INTO approval_tbl (doc_num, submit_id, manager_id, submit_date, decide_date, submit_comment, decide_comment, start_date, end_date, office_code, state) VALUES ('201501-040','121001','130702','2015-01-01','2015-01-01','개인사유로 연차휴가를 신청합니다.','일괄결재','2015-01-02','2015-01-02','V01','결재완료');","INSERT INTO approval_tbl (doc_num, submit_id, manager_id, submit_date, decide_date, submit_comment, decide_comment, start_date, end_date, office_code, state) VALUES ('201501-041','120102','130702','2015-01-01','2015-01-01','가사 사유로 연차휴가를 신청합니다.','일괄결재','2015-01-02','2015-01-02','V01','결재완료');","INSERT INTO approval_tbl (doc_num, submit_id, manager_id, submit_date, decide_date, submit_comment, decide_comment, start_date, end_date, office_code, state) VALUES ('201501-042','100102','130702','2015-01-01','2015-01-01','삼성전자 권장휴가 연차사용','일괄결재','2015-01-02','2015-01-02','V01','결재완료');",""]}]}],[{"group":"doc","deltas":[{"start":{"row":44,"column":0},"end":{"row":45,"column":0},"action":"insert","lines":["",""]}]}],[{"group":"doc","deltas":[{"start":{"row":45,"column":0},"end":{"row":46,"column":0},"action":"insert","lines":["",""]}]}],[{"group":"doc","deltas":[{"start":{"row":46,"column":0},"end":{"row":88,"column":0},"action":"insert","lines":["INSERT INTO out_office_tbl VALUES ('2015','2015-01-16','140601','V03','0.5','개인사유','201501-001','','','');","INSERT INTO out_office_tbl VALUES ('2015','2015-01-16','111102','V01','1','개인사유','201501-002','','','');","INSERT INTO out_office_tbl VALUES ('2015','2015-01-16','071003','V01','1','가사(육아)','201501-003','','','');","INSERT INTO out_office_tbl VALUES ('2015','2015-01-15','100107','V02','0.5','가사','201501-004','','','');","INSERT INTO out_office_tbl VALUES ('2015','2015-01-16','140901','V01','1','개인사유로 연차휴가 신청합니다.','201501-005','','','');","INSERT INTO out_office_tbl VALUES ('2015','2015-01-06','030301','V02','0.5','','201501-006','','','');","INSERT INTO out_office_tbl VALUES ('2015','2015-01-02','030301','V01','1','','201501-007','','','');","INSERT INTO out_office_tbl VALUES ('2015','2015-01-15','030301','V02','0.5','','201501-008','','','');","INSERT INTO out_office_tbl VALUES ('2015','2015-01-15','130904','V03','0.5','가사','201501-009','','','');","INSERT INTO out_office_tbl VALUES ('2015','2015-01-15','071103','V03','0.5','개인사유(결혼준비)','201501-010','','','');","INSERT INTO out_office_tbl VALUES ('2015','2015-01-02','110201','V01','1','연차휴가입니다','201501-011','','','');","INSERT INTO out_office_tbl VALUES ('2015','2015-01-13','100403','V01','1','개인사유','201501-012','','','');","INSERT INTO out_office_tbl VALUES ('2015','2015-01-13','100501','V03','0.5','자녀 어린이집 졸업발표회','201501-013','','','');","INSERT INTO out_office_tbl VALUES ('2015','2015-01-09','131201','V01','1','개인사유','201501-014','','','');","INSERT INTO out_office_tbl VALUES ('2015','2015-01-02','131201','V01','1','개인사유','201501-015','','','');","INSERT INTO out_office_tbl VALUES ('2015','2015-01-12','140104','V01','1','개인사유','201501-016','','','');","INSERT INTO out_office_tbl VALUES ('2015','2015-01-09','100403','V03','0.5','개인사유','201501-017','','','');","INSERT INTO out_office_tbl VALUES ('2015','2015-01-06','100107','V03','0.5','병원 진료','201501-018','','','');","INSERT INTO out_office_tbl VALUES ('2015','2015-01-12','100107','V01','1','가사','201501-019','','','');","INSERT INTO out_office_tbl VALUES ('2015','2015-01-09','071102','V03','0.5','가사.','201501-020','','','');","INSERT INTO out_office_tbl VALUES ('2015','2015-01-09','100406','V01','1','개인 사유','201501-021','','','');","INSERT INTO out_office_tbl VALUES ('2015','2015-01-09','090401','V01','1','조모 제사','201501-022','','','');","INSERT INTO out_office_tbl VALUES ('2015','2015-01-07','030301','V01','1','','201501-023','','','');","INSERT INTO out_office_tbl VALUES ('2015','2015-01-07','111003','V01','1','개인 사정','201501-024','','','');","INSERT INTO out_office_tbl VALUES ('2015','2015-01-07','0130101','V01','1','병원진료','201501-025','','','');","INSERT INTO out_office_tbl VALUES ('2015','2015-01-06','100103','V01','1','연차휴가 사용','201501-026','','','');","INSERT INTO out_office_tbl VALUES ('2015','2015-01-02','100103','V01','1','연차휴가 사용','201501-027','','','');","INSERT INTO out_office_tbl VALUES ('2015','2015-01-02','100801','V01','1','개인 사유에 의한 연차휴가 사용','201501-028','','','');","INSERT INTO out_office_tbl VALUES ('2015','2015-01-02','140602','V01','1','개인사유','201501-029','','','');","INSERT INTO out_office_tbl VALUES ('2015','2015-01-02','100501','V01','1','가사','201501-030','','','');","INSERT INTO out_office_tbl VALUES ('2015','2015-01-05','110802','V01','1','개인사유','201501-031','','','');","INSERT INTO out_office_tbl VALUES ('2015','2015-01-05','150106','V03','0.5','개인사유','201501-032','','','');","INSERT INTO out_office_tbl VALUES ('2015','2015-01-05','140102','V02','0.5','병원진료(감기)','201501-033','','','');","INSERT INTO out_office_tbl VALUES ('2015','2015-01-07','071103','V01','1','개인사유(결혼준비)','201501-034','','','');","INSERT INTO out_office_tbl VALUES ('2015','2015-01-02','120301','V01','1','개인 연차 사용.','201501-035','','','');","INSERT INTO out_office_tbl VALUES ('2015','2015-01-02','120501','V01','1','개인사유로 연차 1일 사용.( 2015.01.02 )','201501-036','','','');","INSERT INTO out_office_tbl VALUES ('2015','2015-01-02','0130101','V01','1','개인정비','201501-037','','','');","INSERT INTO out_office_tbl VALUES ('2015','2015-01-02','150106','V01','1','개인사유','201501-038','','','');","INSERT INTO out_office_tbl VALUES ('2015','2015-01-05','120103','V01','1','가사','201501-039','','','');","INSERT INTO out_office_tbl VALUES ('2015','2015-01-02','121001','V01','1','개인사유로 연차휴가를 신청합니다.','201501-040','','','');","INSERT INTO out_office_tbl VALUES ('2015','2015-01-02','120102','V01','1','가사 사유로 연차휴가를 신청합니다.','201501-041','','','');","INSERT INTO out_office_tbl VALUES ('2015','2015-01-02','100102','V01','1','삼성전자 권장휴가 연차사용','201501-042','','','');",""]}]}],[{"group":"doc","deltas":[{"start":{"row":89,"column":0},"end":{"row":90,"column":0},"action":"insert","lines":["",""]}]}],[{"group":"doc","deltas":[{"start":{"row":90,"column":0},"end":{"row":112,"column":0},"action":"insert","lines":["INSERT INTO approval_tbl (doc_num, submit_id, manager_id, submit_date, decide_date, submit_comment, decide_comment, start_date, end_date, office_code, state) VALUES ('201501-201','071001','130702','2015-01-01','2015-01-01','WEM 3.0 SIT','일괄결재','2015-01-10','2015-01-10','B01','결재완료');","INSERT INTO approval_tbl (doc_num, submit_id, manager_id, submit_date, decide_date, submit_comment, decide_comment, start_date, end_date, office_code, state) VALUES ('201501-202','110303','130702','2015-01-01','2015-01-01','LGU+SLR420 시험으로 인한 주말근무','일괄결재','2015-01-10','2015-01-10','B01','결재완료');","INSERT INTO approval_tbl (doc_num, submit_id, manager_id, submit_date, decide_date, submit_comment, decide_comment, start_date, end_date, office_code, state) VALUES ('201501-203','150102','130702','2015-01-01','2015-01-01','UQ WiMAX2+ 3.1.3A SVT 시험','일괄결재','2015-01-10','2015-01-10','B01','결재완료');","INSERT INTO approval_tbl (doc_num, submit_id, manager_id, submit_date, decide_date, submit_comment, decide_comment, start_date, end_date, office_code, state) VALUES ('201501-204','100801','130702','2015-01-01','2015-01-01','KT LTE SLR410 P1 KPI&Regression Test','일괄결재','2015-01-11','2015-01-11','B01','결재완료');","INSERT INTO approval_tbl (doc_num, submit_id, manager_id, submit_date, decide_date, submit_comment, decide_comment, start_date, end_date, office_code, state) VALUES ('201501-205','100801','130702','2015-01-01','2015-01-01','KT LTE SLR410 P1 KPI&Regression Test','일괄결재','2015-01-10','2015-01-10','B01','결재완료');","INSERT INTO approval_tbl (doc_num, submit_id, manager_id, submit_date, decide_date, submit_comment, decide_comment, start_date, end_date, office_code, state) VALUES ('201501-206','0130101','130702','2015-01-01','2015-01-01','kt-LTE SLR4.1.0 P1 KPI 시험','일괄결재','2015-01-11','2015-01-11','B01','결재완료');","INSERT INTO approval_tbl (doc_num, submit_id, manager_id, submit_date, decide_date, submit_comment, decide_comment, start_date, end_date, office_code, state) VALUES ('201501-207','150104','130702','2015-01-01','2015-01-01','주말 근무_LSM_450_07_P01 SIT 진행','일괄결재','2015-01-10','2015-01-10','B01','결재완료');","INSERT INTO approval_tbl (doc_num, submit_id, manager_id, submit_date, decide_date, submit_comment, decide_comment, start_date, end_date, office_code, state) VALUES ('201501-208','120501','130702','2015-01-01','2015-01-01','WEM v3.0 SIT ( 11:40 ~ 17:50 )','일괄결재','2015-01-10','2015-01-10','B01','결재완료');","INSERT INTO approval_tbl (doc_num, submit_id, manager_id, submit_date, decide_date, submit_comment, decide_comment, start_date, end_date, office_code, state) VALUES ('201501-209','111101','130702','2015-01-01','2015-01-01','WEM SIT (11:50~21:10)','일괄결재','2015-01-10','2015-01-10','B01','결재완료');","INSERT INTO approval_tbl (doc_num, submit_id, manager_id, submit_date, decide_date, submit_comment, decide_comment, start_date, end_date, office_code, state) VALUES ('201501-210','130801','130702','2015-01-01','2015-01-01','WEM 3.0 SIT','일괄결재','2015-01-10','2015-01-10','B01','결재완료');","INSERT INTO approval_tbl (doc_num, submit_id, manager_id, submit_date, decide_date, submit_comment, decide_comment, start_date, end_date, office_code, state) VALUES ('201501-211','111102','130702','2015-01-01','2015-01-01','WEM 3.0 SIT','일괄결재','2015-01-10','2015-01-10','B01','결재완료');","INSERT INTO approval_tbl (doc_num, submit_id, manager_id, submit_date, decide_date, submit_comment, decide_comment, start_date, end_date, office_code, state) VALUES ('201501-212','0130101','130702','2015-01-01','2015-01-01','kt-LTE SLR410 P1 KPI 시험','일괄결재','2015-01-10','2015-01-10','B01','결재완료');","INSERT INTO approval_tbl (doc_num, submit_id, manager_id, submit_date, decide_date, submit_comment, decide_comment, start_date, end_date, office_code, state) VALUES ('201501-213','140104','130702','2015-01-01','2015-01-01','sprint SSLR 4.0.0 FDD 보완확인시험, 2014년 대체휴가신청건 미사용으로 1월분 급여반영해야함','일괄결재','2014-12-14','2014-12-14','B01','결재완료');","INSERT INTO approval_tbl (doc_num, submit_id, manager_id, submit_date, decide_date, submit_comment, decide_comment, start_date, end_date, office_code, state) VALUES ('201501-214','110901','130702','2015-01-01','2015-01-01','SKT SLR4.1.0 보완 Patch안정화 시험','일괄결재','2015-01-04','2015-01-04','B01','결재완료');","INSERT INTO approval_tbl (doc_num, submit_id, manager_id, submit_date, decide_date, submit_comment, decide_comment, start_date, end_date, office_code, state) VALUES ('201501-215','110901','130702','2015-01-01','2015-01-01','SKT SLR4.1.0 보완 Patch안정화 시험','일괄결재','2015-01-03','2015-01-03','B01','결재완료');","INSERT INTO approval_tbl (doc_num, submit_id, manager_id, submit_date, decide_date, submit_comment, decide_comment, start_date, end_date, office_code, state) VALUES ('201501-216','140104','130702','2015-01-01','2015-01-01','SPRINT FDD MACRO KPI','일괄결재','2015-01-04','2015-01-04','B01','결재완료');","INSERT INTO approval_tbl (doc_num, submit_id, manager_id, submit_date, decide_date, submit_comment, decide_comment, start_date, end_date, office_code, state) VALUES ('201501-217','120802','130702','2015-01-01','2015-01-01','UQ 3.1.3a SIT patch 검증','일괄결재','2015-01-04','2015-01-04','B01','결재완료');","INSERT INTO approval_tbl (doc_num, submit_id, manager_id, submit_date, decide_date, submit_comment, decide_comment, start_date, end_date, office_code, state) VALUES ('201501-218','111102','130702','2015-01-01','2015-01-01','WEM 3.0.x 패치 준비','일괄결재','2015-01-03','2015-01-03','B01','결재완료');","INSERT INTO approval_tbl (doc_num, submit_id, manager_id, submit_date, decide_date, submit_comment, decide_comment, start_date, end_date, office_code, state) VALUES ('201501-219','121102','130702','2015-01-01','2015-01-01','LSM_4.5.0 SIT','일괄결재','2015-01-03','2015-01-03','B01','결재완료');","INSERT INTO approval_tbl (doc_num, submit_id, manager_id, submit_date, decide_date, submit_comment, decide_comment, start_date, end_date, office_code, state) VALUES ('201501-220','070901','130702','2015-01-01','2015-01-01','10:30~15:30 LSM SIT','일괄결재','2015-01-03','2015-01-03','B01','결재완료');","INSERT INTO approval_tbl (doc_num, submit_id, manager_id, submit_date, decide_date, submit_comment, decide_comment, start_date, end_date, office_code, state) VALUES ('201501-221','070901','130702','2015-01-01','2015-01-01','LSM SIT','일괄결재','2015-01-01','2015-01-01','B01','결재완료');","INSERT INTO approval_tbl (doc_num, submit_id, manager_id, submit_date, decide_date, submit_comment, decide_comment, start_date, end_date, office_code, state) VALUES ('201501-222','080902','130702','2015-01-01','2015-01-01','LSM_4.5.0_R06_P06 SIT 진행을 위한 휴일근무 (09:00 ~ 19:30) 9.5 시간 ','일괄결재','2015-01-01','2015-01-01','B01','결재완료');",""]}]}],[{"group":"doc","deltas":[{"start":{"row":112,"column":0},"end":{"row":113,"column":0},"action":"insert","lines":["",""]}]}],[{"group":"doc","deltas":[{"start":{"row":113,"column":0},"end":{"row":114,"column":0},"action":"insert","lines":["",""]}]}],[{"group":"doc","deltas":[{"start":{"row":1,"column":0},"end":{"row":1,"column":1},"action":"remove","lines":["<"]}]}],[{"group":"doc","deltas":[{"start":{"row":1,"column":0},"end":{"row":1,"column":1},"action":"insert","lines":["#"]}]}],[{"group":"doc","deltas":[{"start":{"row":1,"column":28},"end":{"row":1,"column":29},"action":"remove","lines":[">"]}]}],[{"group":"doc","deltas":[{"start":{"row":1,"column":27},"end":{"row":1,"column":28},"action":"remove","lines":[" "]}]}],[{"group":"doc","deltas":[{"start":{"row":1,"column":19},"end":{"row":1,"column":27},"action":"remove","lines":[".휴일근무 현황"]}]}],[{"group":"doc","deltas":[{"start":{"row":1,"column":0},"end":{"row":1,"column":19},"action":"remove","lines":["# 2015.01.16일까지의 휴가"]}]}],[{"group":"doc","deltas":[{"start":{"row":1,"column":0},"end":{"row":1,"column":19},"action":"insert","lines":["# 2015.01.16일까지의 휴가"]}]}],[{"group":"doc","deltas":[{"start":{"row":89,"column":0},"end":{"row":89,"column":19},"action":"insert","lines":["# 2015.01.16일까지의 휴가"]}]}],[{"group":"doc","deltas":[{"start":{"row":89,"column":18},"end":{"row":89,"column":19},"action":"remove","lines":["가"]}]}],[{"group":"doc","deltas":[{"start":{"row":89,"column":17},"end":{"row":89,"column":18},"action":"remove","lines":["휴"]}]}],[{"group":"doc","deltas":[{"start":{"row":89,"column":17},"end":{"row":89,"column":18},"action":"insert","lines":["휴"]}]}],[{"group":"doc","deltas":[{"start":{"row":89,"column":18},"end":{"row":89,"column":19},"action":"insert","lines":["일"]}]}],[{"group":"doc","deltas":[{"start":{"row":89,"column":19},"end":{"row":89,"column":20},"action":"insert","lines":["근"]}]}],[{"group":"doc","deltas":[{"start":{"row":89,"column":20},"end":{"row":89,"column":21},"action":"insert","lines":["무"]}]}],[{"group":"doc","deltas":[{"start":{"row":113,"column":0},"end":{"row":135,"column":0},"action":"insert","lines":["INSERT INTO `in_office_tbl` (`year`, `id`, `date`, `doc_num`) VALUES ( '2015','071001','2015-01-10','201501-201');","INSERT INTO `in_office_tbl` (`year`, `id`, `date`, `doc_num`) VALUES ( '2015','110303','2015-01-10','201501-202');","INSERT INTO `in_office_tbl` (`year`, `id`, `date`, `doc_num`) VALUES ( '2015','150102','2015-01-10','201501-203');","INSERT INTO `in_office_tbl` (`year`, `id`, `date`, `doc_num`) VALUES ( '2015','100801','2015-01-11','201501-204');","INSERT INTO `in_office_tbl` (`year`, `id`, `date`, `doc_num`) VALUES ( '2015','100801','2015-01-10','201501-205');","INSERT INTO `in_office_tbl` (`year`, `id`, `date`, `doc_num`) VALUES ( '2015','0130101','2015-01-11','201501-206');","INSERT INTO `in_office_tbl` (`year`, `id`, `date`, `doc_num`) VALUES ( '2015','150104','2015-01-10','201501-207');","INSERT INTO `in_office_tbl` (`year`, `id`, `date`, `doc_num`) VALUES ( '2015','120501','2015-01-10','201501-208');","INSERT INTO `in_office_tbl` (`year`, `id`, `date`, `doc_num`) VALUES ( '2015','111101','2015-01-10','201501-209');","INSERT INTO `in_office_tbl` (`year`, `id`, `date`, `doc_num`) VALUES ( '2015','130801','2015-01-10','201501-210');","INSERT INTO `in_office_tbl` (`year`, `id`, `date`, `doc_num`) VALUES ( '2015','111102','2015-01-10','201501-211');","INSERT INTO `in_office_tbl` (`year`, `id`, `date`, `doc_num`) VALUES ( '2015','0130101','2015-01-10','201501-212');","INSERT INTO `in_office_tbl` (`year`, `id`, `date`, `doc_num`) VALUES ( '2015','140104','2014-12-14','201501-213');","INSERT INTO `in_office_tbl` (`year`, `id`, `date`, `doc_num`) VALUES ( '2015','110901','2015-01-04','201501-214');","INSERT INTO `in_office_tbl` (`year`, `id`, `date`, `doc_num`) VALUES ( '2015','110901','2015-01-03','201501-215');","INSERT INTO `in_office_tbl` (`year`, `id`, `date`, `doc_num`) VALUES ( '2015','140104','2015-01-04','201501-216');","INSERT INTO `in_office_tbl` (`year`, `id`, `date`, `doc_num`) VALUES ( '2015','120802','2015-01-04','201501-217');","INSERT INTO `in_office_tbl` (`year`, `id`, `date`, `doc_num`) VALUES ( '2015','111102','2015-01-03','201501-218');","INSERT INTO `in_office_tbl` (`year`, `id`, `date`, `doc_num`) VALUES ( '2015','121102','2015-01-03','201501-219');","INSERT INTO `in_office_tbl` (`year`, `id`, `date`, `doc_num`) VALUES ( '2015','070901','2015-01-03','201501-220');","INSERT INTO `in_office_tbl` (`year`, `id`, `date`, `doc_num`) VALUES ( '2015','070901','2015-01-01','201501-221');","INSERT INTO `in_office_tbl` (`year`, `id`, `date`, `doc_num`) VALUES ( '2015','080902','2015-01-01','201501-222');",""]}]}],[{"group":"doc","deltas":[{"start":{"row":120,"column":0},"end":{"row":121,"column":0},"action":"remove","lines":["INSERT INTO `in_office_tbl` (`year`, `id`, `date`, `doc_num`) VALUES ( '2015','120501','2015-01-10','201501-208');",""]}]}]]},"ace":{"folds":[],"scrolltop":2099,"scrollleft":0,"selection":{"start":{"row":174,"column":0},"end":{"row":174,"column":0},"isBackwards":false},"options":{"guessTabSize":true,"useWrapMode":false,"wrapToView":true},"firstLineState":{"row":534,"mode":"ace/mode/sql"}},"timestamp":1421906801278,"hash":"6173b873da34b7baad663510f8a98c5a1a48f501"}